,cv_pr_auc_mean,cv_pr_auc_std,cv_roc_auc_mean,cv_f1_mean,validation_pr_auc,validation_roc_auc
logistic_regression,0.4426024499354107,0.022875970743096573,0.7855368054258354,0.4474203185321602,0.4402974456143746,0.7965652860984009
random_forest,0.4566581795454993,0.01915883611779281,0.7865331794106041,0.4901397492947723,0.46053507136574856,0.8002404299731118
gradient_boosting,0.45633777618519905,0.01858777961895771,0.7906503336950168,0.3429250535267088,0.4629853597279456,0.7988627116845134
