{
  "campaign_observations": 41188,
  "successful_subscriptions": 4640,
  "conversion_rate": 0.11265417111780131,
  "average_campaign_contacts": 2.567592502670681,
  "median_campaign_contacts": 2.0,
  "previously_contacted_rate": 0.1365689035641449,
  "previous_campaign_success_rate": 0.033334951927745944,
  "cellular_conversion_rate": 0.14737607099143207,
  "telephone_conversion_rate": 0.05231321457059293
}