contact,observations,subscriptions,conversion_rate
cellular,26144,3853,0.14737607099143207
telephone,15044,787,0.05231321457059293
