poutcome,observations,subscriptions,conversion_rate
success,1373,894,0.651128914785142
failure,4252,605,0.1422859830667921
nonexistent,35563,3141,0.08832213255349661
