campaign_contact_band,observations,subscriptions,conversion_rate
1 contact,17642,2300,0.13037070626913047
2 contacts,10570,1211,0.11456953642384106
3-4 contacts,7992,823,0.10297797797797797
5+ contacts,4984,306,0.06139646869983949
