day_of_week,observations,subscriptions,conversion_rate
thu,8623,1045,0.12118752174417256
tue,8090,953,0.11779975278121137
wed,8134,949,0.11667076469141874
fri,7827,846,0.1080873898045228
mon,8514,847,0.09948320413436693
