month,observations,subscriptions,conversion_rate
mar,546,276,0.5054945054945055
dec,182,89,0.489010989010989
sep,570,256,0.44912280701754387
oct,718,315,0.4387186629526462
apr,2632,539,0.2047872340425532
aug,6178,655,0.1060213661379087
jun,5318,559,0.10511470477623167
nov,4101,416,0.10143867349426969
jul,7174,649,0.09046557011430165
may,13769,886,0.06434744716391895
