job,observations,subscriptions,conversion_rate
student,875,275,0.3142857142857143
retired,1720,434,0.25232558139534883
unemployed,1014,144,0.14201183431952663
admin.,10422,1352,0.12972558050278257
management,2924,328,0.1121751025991792
unknown,330,37,0.11212121212121212
technician,6743,730,0.10826041821147857
self-employed,1421,149,0.10485573539760731
housemaid,1060,106,0.1
entrepreneur,1456,124,0.08516483516483517
services,3969,323,0.08138070042831948
blue-collar,9254,638,0.06894315971471796
