education_group,observations,subscriptions,conversion_rate
unknown,1731,251,0.14500288850375506
tertiary,12168,1670,0.13724523339907954
professional,5243,595,0.11348464619492657
secondary,9515,1031,0.10835522858644246
foundational,12531,1093,0.08722368526055382
