marital,observations,subscriptions,conversion_rate
unknown,80,12,0.15
single,11568,1620,0.1400414937759336
divorced,4612,476,0.10320901994796183
married,24928,2532,0.10157252888318356
