customer_profile_segment,observations,subscriptions,conversion_rate
previous campaign success,1373,894,0.651128914785142
retired senior,653,231,0.3537519142419602
early-career student,757,191,0.2523117569352708
previously contacted,2711,338,0.12467724087052748
no reported loan exposure,11653,1117,0.0958551445979576
general profile,24041,1869,0.07774219042469115
