age_band,observations,subscriptions,conversion_rate
60+,1193,472,0.3956412405699916
17-29,5669,922,0.1626389133886047
50-59,6862,697,0.10157388516467503
30-39,16938,1715,0.10125162356830794
40-49,10526,834,0.07923237697130914
