housing_loan_profile,observations,subscriptions,conversion_rate
housing loan,21576,2507,0.11619391916944753
no housing loan,18622,2026,0.10879604768553323
unknown,990,107,0.10808080808080808
