personal_loan_profile,observations,subscriptions,conversion_rate
no personal loan,33950,3850,0.1134020618556701
personal loan,6248,683,0.10931498079385403
unknown,990,107,0.10808080808080808
