locked_test_decile,observations,subscriptions,conversion_rate
1,824,436,0.529126213592233
2,824,167,0.20266990291262135
3,824,79,0.09587378640776699
4,823,45,0.054678007290400975
5,824,44,0.05339805825242718
6,824,35,0.04247572815533981
7,823,34,0.041312272174969626
8,824,33,0.04004854368932039
9,824,27,0.032766990291262135
10,824,28,0.03398058252427184
